"","industrylist_short.i.","employment_ind_currrent_NSA","employment_ind_MoM_NSA","employment_ind_YoY_NSA","emp_pcttot_NSA","employment_industry_current","employment_industry_MoM","employment_industry_YoY","employment_pcttot"
"1","Total, All Industries",111100,-0.00626118067978532,0.0127620783956244,"",112842.502772055,-0.00606610327261825,0.0116765204363478,""
"2","Total Nonfarm",106200,-0.00468603561387071,0.00950570342205315,"",107872.393800287,-0.00773925452334501,0.00832340089051997,""
"3","Educational and Health Services",16200,0,-0.00613496932515334,"1",16874.143491462,0.00173747728465279,-0.00776247401021724,"1"
