"","industrylist_short.i.","employment_ind_currrent_NSA","employment_ind_MoM_NSA","employment_ind_YoY_NSA","emp_pcttot_NSA","employment_industry_current","employment_industry_MoM","employment_industry_YoY","employment_pcttot"
"1","Total, All Industries",320100,-0.00155957579538368,0.0389483933787731,"",323386.289324281,-0.00277680529149404,0.0385092496256141,""
"2","Total Nonfarm",296200,0.00577249575551786,0.0425906370996127,"",298158.953320924,-0.00265340490391686,0.0423342826124364,""
"3","Educational and Health Services",48300,-0.0182926829268293,0.00625000000000009,"1",48590.2675614852,-0.0279722019388357,0.00612585333445415,"1"
