"","industrylist_short.i.","employment_ind_currrent_NSA","employment_ind_MoM_NSA","employment_ind_YoY_NSA","emp_pcttot_NSA","employment_industry_current","employment_industry_MoM","employment_industry_YoY","employment_pcttot"
"1","Total, All Industries",210100,-0.0232450023245002,0.0478802992518703,"",211666.103986214,0.00208157985966984,0.0475505373986858,""
"2","Total Nonfarm",190300,0.00316288877174475,0.0473307649972483,"",186326.988308381,0.00331824620414856,0.0468310005420232,""
"3","Educational and Health Services",28700,-0.00347222222222221,0.0213523131672597,"1",28456.521308953,-3.4525168334909e-05,0.0208802950716143,"1"
