"","industrylist_short.i.","employment_ind_currrent_NSA","employment_ind_MoM_NSA","employment_ind_YoY_NSA","emp_pcttot_NSA","employment_industry_current","employment_industry_MoM","employment_industry_YoY","employment_pcttot"
"1","Total, All Industries",113800,-0.0281810418445773,0.0411710887465691,"",114067.584065315,-0.00164228081869355,0.0408861367087843,""
"2","Total Nonfarm",109900,-0.0248447204968945,0.0426944971537002,"",109257.596646977,-0.00139732762575129,0.0423593256382662,""
"3","Educational and Health Services",17000,-0.0116279069767442,0.0179640718562875,"1",16580.6024532302,-0.00447717831605099,0.0171985007815181,"1"
