"","industrylist_short.i.","employment_ind_currrent_NSA","employment_ind_MoM_NSA","employment_ind_YoY_NSA","emp_pcttot_NSA","employment_industry_current","employment_industry_MoM","employment_industry_YoY","employment_pcttot"
"1","Total, All Industries",326800,0.00153233220962301,0.0434227330779056,"",323511.668019576,0.0042870413317202,0.0436924867776705,""
"2","Total Nonfarm",304200,0.00429184549356232,0.0467997247075018,"",298057.85013312,0.00385687295909221,0.0467365061609124,""
"3","Educational and Health Services",49500,0,0.014344262295082,"1",48972.9094221168,-0.00177650287031739,0.0150910514014559,"1"
