"","industrylist_short.i.","employment_ind_currrent_NSA","employment_ind_MoM_NSA","employment_ind_YoY_NSA","emp_pcttot_NSA","employment_industry_current","employment_industry_MoM","employment_industry_YoY","employment_pcttot"
"1","Total, All Industries",215400,-0.00323924109208695,0.0301291248206599,"",210569.458163341,-0.0104697230487526,0.0292144576634823,""
"2","Total Nonfarm",188200,0.00803427959292979,0.0317982456140351,"",185125.078018507,-0.0100839983145631,0.029885131991765,""
"3","Educational and Health Services",28500,0.00706713780918733,0.0142348754448398,"1",28248.3063064386,-0.00209494353631634,0.0146010327004309,"1"
