"","industrylist_short.i.","employment_industry_current","employment_industry_MoM","employment_industry_YoY","employment_pcttot"
"1","Total, All Industries",1115057.15469035,0.00289953969182521,0.0471279179636288,""
"2","Total Nonfarm",1110082.80336339,0.00300681893600263,0.0473759838412506,""
"3","Educational and Health Services",177717.75866663,0.00455229163892046,0.0580547309284094,"1"
