"","industrylist_short.i.","employment_ind_currrent_NSA","employment_ind_MoM_NSA","employment_ind_YoY_NSA","emp_pcttot_NSA","employment_industry_current","employment_industry_MoM","employment_industry_YoY","employment_pcttot"
"1","Total, All Industries",116100,0.0256183745583038,0.0202108963093146,"",113791.584412739,0.00274330039941328,0.0183257300922051,""
"2","Total Nonfarm",111000,0.0258780036968578,0.0192837465564739,"",108938.719142862,0.0024807552646211,0.0171370003739566,""
"3","Educational and Health Services",17100,0.0426829268292683,0.0118343195266273,"1",16740.3629661744,0.0089139765641415,0.0100563154492888,"1"
