"","industrylist_short.i.","employment_ind_currrent_NSA","employment_ind_MoM_NSA","employment_ind_YoY_NSA","emp_pcttot_NSA","employment_industry_current","employment_industry_MoM","employment_industry_YoY","employment_pcttot"
"1","Total, All Industries",326000,0.00803957946815093,0.0372255806554247,"",322772.045490817,-0.00491475959101817,0.0362070013183224,""
"2","Total Nonfarm",301600,0.00768459739391925,0.0403587443946187,"",297584.245835105,-0.00474704975625317,0.0394149785919489,""
"3","Educational and Health Services",49900,0.00604838709677424,0.03099173553719,"1",49530.2170567779,-0.00152518037032567,0.031577897383998,"1"
