"","industrylist_short.i.","employment_ind_currrent_NSA","employment_ind_MoM_NSA","employment_ind_YoY_NSA","emp_pcttot_NSA","employment_industry_current","employment_industry_MoM","employment_industry_YoY","employment_pcttot"
"1","Total, All Industries",113500,0.0161145926589077,0.0115864527629232,"",113525.71954021,0.00133935648285655,0.0101231441217993,""
"2","Total Nonfarm",108500,0.0149672591206735,0.0111835973904939,"",108695.927515475,0.00172132085674148,0.00949130463691383,""
"3","Educational and Health Services",16400,0.0123456790123457,-0.0120481927710844,"1",16563.510328319,-0.0164161777277804,-0.0137619895535397,"1"
