"","industrylist_short.i.","employment_ind_currrent_NSA","employment_ind_MoM_NSA","employment_ind_YoY_NSA","emp_pcttot_NSA","employment_industry_current","employment_industry_MoM","employment_industry_YoY","employment_pcttot"
"1","Total, All Industries",322200,0.00373831775700939,0.0383499838865613,"",323459.210118777,-0.0017472225273415,0.0374117818042916,""
"2","Total Nonfarm",298100,0.00336587007741507,0.0415793151642208,"",298002.263354483,-0.00244097285220957,0.0406319333569216,""
"3","Educational and Health Services",49600,0.0184804928131417,0.0269151138716357,"1",49624.3659501995,0.0117383267645796,0.0260689370017209,"1"
